id,speaker,text,Segment,WC,Analytic,Clout,Authentic,Tone,WPS,dic,i,we,you,number,drives,affiliation,achieve,power,Cognition,allnone,cogproc,insight,cause,discrep,tentat,certitude,differ,memory,Affect,tone_pos,tone_neg,emotion,emo_pos,emo_neg,emo_anx,emo_anger,emo_sad,Social,socbehav,prosocial,polite,conflict,moral,comm,time,focuspast,focuspresent,focusfuture
1,b,Awesome—what was your name?,1,5,1,99,,99,5,80,0,0,20,0,0,0,0,0,20,0,0,0,0,0,0,0,0,0,20,20,0,20,20,0,0,0,0,40,0,0,0,0,0,0,0,20,0,0
2,d,It's Mason.,1,2,1,,,,2,50,0,0,0,0,0,0,0,0,50,0,0,0,0,0,0,0,0,0,0,0,0,0,0,0,0,0,0,0,0,0,0,0,0,0,0,0,50,0
3,b,"Mason, how's it going?",1,4,1,,99,,4,50,0,0,0,0,0,0,0,0,25,0,25,25,25,0,0,0,0,0,0,0,0,0,0,0,0,0,0,0,0,0,0,0,0,0,0,0,25,25
4,d,"It's going well, thank you.",1,5,1,99,63.35,99,5,100,0,0,20,0,0,0,0,0,20,0,0,0,0,0,0,0,0,0,40,40,0,0,0,0,0,0,0,40,20,20,20,0,0,20,0,0,20,20
5,b,"do you have a car in stock, new or used?",1,10,39.7,89.5,98.38,99,10,40,0,0,10,0,0,0,0,0,30,0,20,0,10,0,10,0,10,0,10,10,0,0,0,0,0,0,0,10,0,0,0,0,0,0,10,10,0,0
6,d,It's brand new. It's in transit but we have an identical one in-store.,1,13,4.85,40.06,98.89,99,6.5,53.85,0,7.69,0,7.69,7.69,7.69,0,0,38.46,0,15.38,0,0,0,0,0,15.38,0,7.69,7.69,0,0,0,0,0,0,0,7.69,0,0,0,0,0,0,7.69,0,15.38,0
7,b,Perfect. I've driven it. I'm in the bay Area and want the best price.,1,14,35.59,1,72.58,98.65,4.67,35.71,14.29,0,0,0,7.14,0,7.14,0,28.57,0,14.29,0,0,7.14,0,7.14,0,0,7.14,7.14,0,0,0,0,0,0,0,0,0,0,0,0,0,0,0,7.14,7.14,0
8,d,I'll text you the link; the price is listed.,1,9,33.38,92.24,10.18,,9,44.44,11.11,0,11.11,0,0,0,0,0,22.22,0,0,0,0,0,0,0,0,0,0,0,0,0,0,0,0,0,0,22.22,11.11,0,0,0,0,11.11,0,0,11.11,11.11
9,b,What discount do you have?,1,5,1,99,,,5,20,0,0,20,0,0,0,0,0,0,0,0,0,0,0,0,0,0,0,0,0,0,0,0,0,0,0,0,20,0,0,0,0,0,0,0,0,0,0
10,d,"MSRP is $50,034. We're selling it for $48,429 before tax. Lease, finance, or cash?",1,14,18.12,79.51,24.32,,4.67,42.86,0,7.14,0,14.29,7.14,7.14,0,0,28.57,0,7.14,0,0,0,7.14,0,7.14,0,0,0,0,0,0,0,0,0,0,7.14,0,0,0,0,0,0,7.14,0,14.29,0
11,b,Probably finance. Maybe lease.,1,4,1,,,,2,50,0,0,0,0,0,0,0,0,50,0,50,0,0,0,50,0,0,0,0,0,0,0,0,0,0,0,0,0,0,0,0,0,0,0,0,0,0,0
12,d,There's a $500 lease rebate.,1,5,39.7,,63.35,,5,40,0,0,0,20,0,0,0,0,0,0,0,0,0,0,0,0,0,0,0,0,0,0,0,0,0,0,0,0,0,0,0,0,0,0,0,0,20,0
13,b,Run numbers for both.,1,4,99,,89.39,,4,0,0,0,0,0,0,0,0,0,0,0,0,0,0,0,0,0,0,0,0,0,0,0,0,0,0,0,0,0,0,0,0,0,0,0,0,0,0,0
14,d,Are you only looking for silver?,1,6,10.19,99,,,6,33.33,0,0,16.67,0,0,0,0,0,16.67,0,0,0,0,0,0,0,0,0,0,0,0,0,0,0,0,0,0,16.67,0,0,0,0,0,0,0,0,16.67,0
15,b,"Ideally silver, bonus if it has premium package.",1,8,5.64,1.71,1,99,8,50,0,0,0,0,0,0,0,0,37.5,0,25,0,0,12.5,12.5,0,12.5,0,12.5,12.5,0,0,0,0,0,0,0,0,0,0,0,0,0,0,0,0,12.5,0
16,d,Premium units are spoken for. Let me price you a gray one.,1,12,73.36,84.23,3.81,,6,41.67,8.33,0,8.33,8.33,0,0,0,0,8.33,0,0,0,0,0,0,0,0,0,0,0,0,0,0,0,0,0,0,16.67,8.33,0,0,0,0,8.33,0,0,8.33,0
17,b,That's fine.,1,2,1,,,99,2,100,0,0,0,0,0,0,0,0,50,0,0,0,0,0,0,0,0,0,50,50,0,0,0,0,0,0,0,0,0,0,0,0,0,0,0,0,50,0
18,d,"It has a $2,000 discount, ACC, heated rear seats, black/red interior.",1,12,73.36,,39.59,,12,16.67,0,0,0,8.33,0,0,0,0,8.33,0,0,0,0,0,0,0,0,0,0,0,0,0,0,0,0,0,0,0,0,0,0,0,0,0,0,0,8.33,0
19,b,"Okay, text it to me and call me back.",1,9,10.19,1,99,,9,44.44,22.22,0,0,0,0,0,0,0,0,0,0,0,0,0,0,0,0,0,0,0,0,0,0,0,0,0,0,22.22,22.22,0,0,0,0,22.22,0,0,0,0
20,d,Will do.,1,2,1,,,,2,100,0,0,0,0,0,0,0,0,0,0,0,0,0,0,0,0,0,0,0,0,0,0,0,0,0,0,0,0,0,0,0,0,0,0,0,0,0,100
21,b,Want to set an appointment?,1,5,99,,1,,5,20,0,0,0,0,0,0,0,0,20,0,20,0,0,20,0,0,0,0,0,0,0,0,0,0,0,0,0,0,0,0,0,0,0,0,0,0,0,0
22,d,Let's look at numbers first.,1,5,39.7,99,,,5,40,0,20,0,20,20,20,0,0,20,0,0,0,0,0,0,0,0,0,0,0,0,0,0,0,0,0,0,20,0,0,0,0,0,0,0,0,20,0
23,b,"Could we do $3,000 off?",1,5,3.8,99,1,,5,60,0,20,0,20,20,20,0,0,20,0,20,0,0,20,0,0,0,0,0,0,0,0,0,0,0,0,0,20,0,0,0,0,0,0,0,0,0,0
24,d,"No—one-price store, pre-discounted. but lease-to-buy can save $3–4K.",1,10,15.41,1,1,,5,50,0,0,0,20,0,0,0,0,30,10,20,0,0,10,0,0,10,0,0,0,0,0,0,0,0,0,0,0,0,0,0,0,0,0,0,0,10,0
25,b,So around $44K before tax?,1,5,3.8,,99,,5,40,0,0,0,20,0,0,0,0,20,0,0,0,0,0,0,0,0,0,0,0,0,0,0,0,0,0,0,0,0,0,0,0,0,0,20,0,0,0
26,d,Yes. I did one like that today.,1,7,18.12,1,97.09,,3.5,71.43,14.29,0,0,14.29,0,0,0,0,42.86,14.29,0,0,0,0,0,0,0,0,0,0,0,0,0,0,0,0,0,0,0,0,0,0,0,0,14.29,14.29,14.29,0
27,b,"Okay. This one doesn't have premium, right?",1,7,2.35,1,,,3.5,42.86,0,0,0,14.29,0,0,0,0,0,0,0,0,0,0,0,0,0,0,0,0,0,0,0,0,0,0,0,0,0,0,0,0,0,0,0,0,28.57,0
28,d,"Correct. but it has heated seats, wheel, moonroof, liftgate, JbL, etc.",1,11,20.83,5.27,50.45,,5.5,18.18,0,0,0,0,0,0,0,0,18.18,0,9.09,0,0,0,0,0,9.09,0,0,0,0,0,0,0,0,0,0,0,0,0,0,0,0,0,0,0,9.09,0
29,b,Let me think. I wanted silver.,1,6,10.19,1,99,,3,66.67,33.33,0,0,0,0,0,0,0,33.33,0,33.33,16.67,0,16.67,0,0,0,0,0,0,0,0,0,0,0,0,0,0,0,0,0,0,0,0,0,16.67,0,0
30,d,"If you don't like it, tell me your number. We *are* negotiable. I'll talk to my manager.",1,17,1,93.56,83.69,,5.67,70.59,17.65,5.88,11.76,0,11.76,5.88,0,5.88,23.53,0,5.88,0,0,0,5.88,0,5.88,0,0,0,0,0,0,0,0,0,0,35.29,11.76,0,0,0,0,11.76,0,0,11.76,5.88
31,b,I'm trying for an OTd number. Someone offered $48 and change. Hoping for $47 and change.,1,16,62.1,40.06,1.63,99,5.33,56.25,6.25,0,0,12.5,6.25,0,6.25,0,43.75,0,31.25,0,12.5,12.5,12.5,0,0,0,12.5,12.5,0,6.25,6.25,0,0,0,0,12.5,6.25,6.25,0,0,0,0,12.5,6.25,6.25,6.25
32,d,"I'll try my best. If fair, we finalize. If not, I'll tell you.",1,13,1,1,99,99,4.33,92.31,23.08,7.69,7.69,0,23.08,7.69,15.38,0,46.15,0,30.77,0,0,7.69,15.38,0,23.08,0,7.69,7.69,0,0,0,0,0,0,0,23.08,7.69,0,0,0,0,7.69,0,0,0,15.38
33,b,Can you send a buyer's order?,1,6,49.68,99,1,,6,50,0,0,16.67,0,16.67,0,0,16.67,16.67,0,16.67,0,0,16.67,0,0,0,0,0,0,0,0,0,0,0,0,0,16.67,0,0,0,0,0,0,0,0,16.67,0
34,d,Only after pricing approval.,1,4,26.1,,89.39,,4,50,0,0,0,0,25,0,0,25,0,0,0,0,0,0,0,0,0,0,0,0,0,0,0,0,0,0,0,0,0,0,0,0,0,0,25,0,0,0
35,b,Okay.,1,1,,,,,1,0,0,0,0,0,0,0,0,0,0,0,0,0,0,0,0,0,0,0,0,0,0,0,0,0,0,0,0,0,0,0,0,0,0,0,0,0,0,0
36,d,I'll get back to you.,1,5,3.8,99,99,,5,40,20,0,20,0,0,0,0,0,20,0,0,0,0,0,0,0,0,0,0,0,0,0,0,0,0,0,0,20,0,0,0,0,0,0,0,0,0,20
38,d,I have good and bad news.,1,6,1,1,39.59,20.23,6,66.67,16.67,0,0,0,0,0,0,0,0,0,0,0,0,0,0,0,0,0,33.33,16.67,16.67,33.33,16.67,16.67,0,0,0,16.67,16.67,0,0,0,0,16.67,0,0,0,0
39,b,Good news first.,1,3,,,,99,3,100,0,0,0,33.33,0,0,0,0,0,0,0,0,0,0,0,0,0,0,33.33,33.33,0,33.33,33.33,0,0,0,0,33.33,33.33,0,0,0,0,33.33,0,0,0,0
40,d,"We can do $48,500. Only for you.",1,7,1,99,1,,3.5,57.14,0,14.29,14.29,14.29,14.29,14.29,0,0,14.29,0,14.29,0,0,14.29,0,0,0,0,0,0,0,0,0,0,0,0,0,28.57,0,0,0,0,0,0,0,0,14.29,0
41,b,I appreciate it. I'll keep shopping.,1,6,1,1,99,99,3,66.67,33.33,0,0,0,0,0,0,0,33.33,0,16.67,16.67,0,0,0,0,0,0,33.33,33.33,0,16.67,16.67,0,0,0,0,16.67,16.67,16.67,0,0,0,0,0,0,0,16.67
42,d,"We dropped from $52K to $48.5K. If too high, be honest; I can try more.",1,16,26.1,40.06,15.38,96.74,8,62.5,6.25,6.25,0,18.75,12.5,6.25,6.25,0,18.75,0,18.75,0,0,12.5,6.25,0,6.25,0,6.25,6.25,0,0,0,0,0,0,0,12.5,6.25,0,0,0,6.25,0,0,6.25,6.25,0
43,d,"but the car will not go below $48,500. Manager already dropped $3K.",1,12,49.68,1,99,,6,66.67,0,0,0,16.67,8.33,0,0,8.33,33.33,0,16.67,0,0,0,0,0,16.67,0,0,0,0,0,0,0,0,0,0,8.33,0,0,0,0,0,0,8.33,16.67,0,8.33
44,d,Tell me how much you want down; I'll try.,1,9,1.78,40.06,77.17,,9,77.78,22.22,0,11.11,0,11.11,0,11.11,0,44.44,0,33.33,11.11,11.11,22.22,0,0,0,0,0,0,0,0,0,0,0,0,0,22.22,11.11,0,0,0,0,11.11,0,0,0,11.11
45,b,I'm hoping for closer to $47K.,1,6,89.52,1,39.59,99,6,50,16.67,0,0,16.67,0,0,0,0,33.33,0,16.67,0,0,16.67,16.67,0,0,0,16.67,16.67,0,16.67,16.67,0,0,0,0,0,0,0,0,0,0,0,0,0,16.67,16.67
46,d,Give me permission to take it to the manager.,1,9,98.16,40.06,10.18,,9,44.44,11.11,0,0,0,22.22,0,0,22.22,22.22,0,11.11,0,11.11,0,0,0,0,0,0,0,0,0,0,0,0,0,0,33.33,22.22,0,0,0,0,0,0,0,11.11,0
47,b,do your thing.,1,3,1,99,,,3,33.33,0,0,33.33,0,0,0,0,0,0,0,0,0,0,0,0,0,0,0,0,0,0,0,0,0,0,0,0,33.33,0,0,0,0,0,0,0,0,0,0
48,d,Your target is $47K?,1,4,1,99,,,4,75,0,0,25,25,0,0,0,0,25,0,0,0,0,0,0,0,0,0,0,0,0,0,0,0,0,0,0,25,0,0,0,0,0,0,0,0,25,0
49,b,Yes.,1,1,,,,,1,100,0,0,0,0,0,0,0,0,100,100,0,0,0,0,0,0,0,0,0,0,0,0,0,0,0,0,0,0,0,0,0,0,0,0,0,0,0,0
50,d,"I'll try. If approved, I'll call back.",1,7,1,1,99,,3.5,85.71,28.57,0,0,0,28.57,0,14.29,14.29,57.14,0,28.57,0,0,14.29,14.29,0,14.29,0,0,0,0,0,0,0,0,0,0,14.29,14.29,0,0,0,0,14.29,0,14.29,0,28.57
51,b,Sounds good.,1,2,,,,99,2,50,0,0,0,0,0,0,0,0,0,0,0,0,0,0,0,0,0,0,50,50,0,50,50,0,0,0,0,0,0,0,0,0,0,0,0,0,0,0
52,d,"Thank you, sir.",1,3,10.19,99,,99,3,100,0,0,33.33,0,33.33,0,0,33.33,0,0,0,0,0,0,0,0,0,0,33.33,33.33,0,0,0,0,0,0,0,100,66.67,33.33,66.67,0,0,33.33,0,0,0,0
